"Y","logY","site","rat","treat"
3.83,1.34286480319255,"1","1","HypO2"
7.3788,1.99861102376529,"2","1","HypO2"
44.353,3.79218035021081,"3","1","HypO2"
19.555,2.97323100820748,"4","1","HypO2"
27.861,3.32722786146198,"1","2","HypO2"
29.974,3.4003303392228,"2","2","HypO2"
15.47,2.73890266458497,"3","2","HypO2"
23.455,3.15508369178042,"4","2","HypO2"
56.996,4.04298108993354,"1","3","HypO2"
60.96,4.11021791137839,"2","3","HypO2"
20.306,3.01091640887903,"3","3","HypO2"
28.123,3.33658774688496,"5","3","HypO2"
38.043,3.63871709892087,"2","4","HypO2"
68.08,4.22068348426512,"3","4","HypO2"
42.425,3.74773781112029,"4","4","HypO2"
30.335,3.41230216139426,"5","4","HypO2"
16.276,2.78969163013944,"1","5","HypO2"
59.033,4.07809660957735,"3","5","HypO2"
73.891,4.30259103434005,"4","5","HypO2"
38.267,3.64458790598081,"1","6","HypO2"
33.702,3.51755718277835,"2","6","HypO2"
35.558,3.57116516609438,"3","6","HypO2"
44.598,3.79768901497121,"4","6","HypO2"
32.678,3.48670206860863,"5","6","HypO2"
9.0384,2.20148216758886,"1","7","HypO2"
11.259,2.42116780882099,"2","7","HypO2"
27.121,3.30030833554874,"3","7","HypO2"
31.984,3.46523577775804,"4","7","HypO2"
16.728,2.81708396212633,"1","8","HypO2"
27.59,3.31745338822919,"2","8","HypO2"
13.238,2.58309148169673,"3","8","HypO2"
12.139,2.49642340991567,"4","8","HypO2"
6.3865,1.85418638750069,"5","8","HypO2"
11.866,2.47367716783645,"1","9","HypO2"
27.983,3.3315971829322,"2","9","HypO2"
26.226,3.26675128510923,"3","9","HypO2"
15.594,2.74688622488741,"4","9","HypO2"
19.225,2.95621151539171,"5","9","HypO2"
23.352,3.15068263355181,"1","10","HypO2"
34.79,3.54932998916385,"2","10","HypO2"
27.556,3.31622029773095,"3","10","HypO2"
35.883,3.58026364573544,"4","10","HypO2"
22.848,3.12886358615717,"5","10","HypO2"
16.444,2.79996066903563,"1","11","HypO2"
31.928,3.46348336774643,"2","11","HypO2"
21.495,3.06782034994824,"3","11","HypO2"
15.59,2.74662968306969,"4","11","HypO2"
7.075,1.9565674435293,"5","11","HypO2"
23.342,3.15025431299016,"1","12","HypO2"
46.313,3.83542269921935,"2","12","HypO2"
33.81,3.5207566167198,"3","12","HypO2"
15.686,2.75276859479047,"4","12","HypO2"
15.267,2.72569363627481,"1","13","HypO2"
14.452,2.67083281328539,"2","13","HypO2"
10.635,2.3641504486522,"3","13","HypO2"
22.156,3.09810834017086,"4","13","HypO2"
6.8062,1.91783396148299,"5","13","HypO2"
21.732,3.07878582868928,"1","14","HypO2"
20.746,3.03235345700964,"2","14","HypO2"
12.293,2.5090299946852,"3","14","HypO2"
17.295,2.85041744238913,"4","14","HypO2"
10.301,2.33224097790156,"5","14","HypO2"
82.508,4.41289525833635,"1","15","Cntrl"
13.645,2.6133731541603,"2","15","Cntrl"
49.187,3.89562936094171,"3","15","Cntrl"
53.432,3.97840981742333,"5","15","Cntrl"
45.919,3.8268789747707,"2","16","Cntrl"
63.09,4.14456227838272,"3","16","Cntrl"
68.137,4.22152038426037,"4","16","Cntrl"
36.5,3.59731226058845,"5","16","Cntrl"
80.147,4.38386244853596,"1","17","Cntrl"
29.943,3.39929557437256,"2","17","Cntrl"
71.928,4.27566561868247,"3","17","Cntrl"
46.609,3.84179365553102,"5","17","Cntrl"
31.938,3.46379652341868,"1","18","Cntrl"
36.211,3.58936294007669,"3","18","Cntrl"
49.815,3.90831614349682,"4","18","Cntrl"
44.468,3.79476982937137,"5","18","Cntrl"
15.453,2.73780315925156,"1","19","Cntrl"
31.384,3.44629820890725,"2","19","Cntrl"
27.127,3.30052954186139,"3","19","Cntrl"
27.961,3.33081068210516,"4","19","Cntrl"
9.9035,2.29288823001518,"5","19","Cntrl"
21.183,3.05319897320232,"1","20","Cntrl"
27.429,3.3116008478504,"2","20","Cntrl"
20.058,2.99862807666602,"3","20","Cntrl"
20.445,3.01773835381661,"1","21","Cntrl"
12.532,2.52828537308995,"2","21","Cntrl"
15.661,2.7511735454843,"3","21","Cntrl"
28.694,3.3566880416762,"4","21","Cntrl"
16.928,2.82896905567589,"1","22","Cntrl"
59.579,4.08730316298852,"2","22","Cntrl"
29.407,3.38123274124256,"3","22","Cntrl"
18.626,2.92455845409947,"4","22","Cntrl"
8.8352,2.1787437427537,"5","22","Cntrl"
35.631,3.57321604546021,"1","23","Cntrl"
21.613,3.07329498550178,"2","23","Cntrl"
23.155,3.14221073993272,"3","23","Cntrl"
42.379,3.7466529565259,"4","23","Cntrl"
16.203,2.78519641027886,"5","23","Cntrl"
20.523,3.02154620844697,"1","24","Cntrl"
24.621,3.20359973731568,"2","24","Cntrl"
16.292,2.79067418978617,"3","24","Cntrl"
18.68,2.9274534328007,"5","24","Cntrl"
